{
	"class_name" : "PinholeCameraParameters",
	"extrinsic" : 
	[
		0.93775196464523514,
		0.27219986341602981,
		-0.2157046294364045,
		0.0,
		0.28163195094840859,
		-0.23254094164231423,
		0.93091790973484823,
		0.0,
		0.20323557023561373,
		-0.93371941439406758,
		-0.29472590346727995,
		0.0,
		0.042365342883215223,
		-0.41601032440485941,
		1.0472736651392553,
		1.0
	],
	"intrinsic" : 
	{
		"height" : 1023,
		"intrinsic_matrix" : 
		[
			885.94398807148082,
			0.0,
			0.0,
			0.0,
			885.94398807148082,
			0.0,
			959.5,
			511.0,
			1.0
		],
		"width" : 1920
	},
	"version_major" : 1,
	"version_minor" : 0
}